{"UUID":"rHLBe1ubjisZpAYO0EXInn","layoutMainAxisSizing":null,"layoutCrossAxisSizing":null,"name":"Apptest","isVisible":true,"boundaryRectangle":null,"style":null,"prototypeNodeUUID":null,"child":null,"constraints":null,"debug":false,"pngPath":"/usr/src/app/temp-out/pb-tmp-e5a7d357-c39f-4b95-b412-adc84f5df423/testapp/lib/assets/images","pages":[{"UUID":"626:4624","layoutMainAxisSizing":null,"layoutCrossAxisSizing":null,"name":"Mobile","isVisible":true,"boundaryRectangle":null,"style":null,"prototypeNodeUUID":null,"child":null,"constraints":null,"convert":true,"screens":[],"pbdlType":"page"}],"miscPages":[],"sharedStyles":[],"globalStyles":{"UUID":"","layoutMainAxisSizing":null,"layoutCrossAxisSizing":null,"name":"","isVisible":false,"boundaryRectangle":null,"style":null,"prototypeNodeUUID":null,"child":null,"constraints":null,"pbdlType":"global_styles","designSystem":"material","colors":[{"UUID":"15:5105","layoutMainAxisSizing":null,"layoutCrossAxisSizing":null,"name":"Light Gray","isVisible":false,"boundaryRectangle":null,"style":null,"prototypeNodeUUID":null,"child":null,"constraints":null,"description":"","pbdlType":"global_color","color":{"a":1.0,"r":0.8784313797950745,"g":0.9098039269447327,"b":0.9411764740943909}},{"UUID":"15:5139","layoutMainAxisSizing":null,"layoutCrossAxisSizing":null,"name":"Text Color","isVisible":false,"boundaryRectangle":null,"style":null,"prototypeNodeUUID":null,"child":null,"constraints":null,"description":"","pbdlType":"global_color","color":{"a":1.0,"r":0.48235294222831726,"g":0.5647059082984924,"b":0.6352941393852234}},{"UUID":"15:5140","layoutMainAxisSizing":null,"layoutCrossAxisSizing":null,"name":"CTA","isVisible":false,"boundaryRectangle":null,"style":null,"prototypeNodeUUID":null,"child":null,"constraints":null,"description":"","pbdlType":"global_color","color":{"a":1.0,"r":0.3333333432674408,"g":0.43921568989753723,"b":0.529411792755127}},{"UUID":"15:6584","layoutMainAxisSizing":null,"layoutCrossAxisSizing":null,"name":"Text Gray","isVisible":false,"boundaryRectangle":null,"style":null,"prototypeNodeUUID":null,"child":null,"constraints":null,"description":"","pbdlType":"global_color","color":{"a":1.0,"r":0.7188915014266968,"g":0.7188915014266968,"b":0.7188915014266968}},{"UUID":"189:4860","layoutMainAxisSizing":null,"layoutCrossAxisSizing":null,"name":"white","isVisible":false,"boundaryRectangle":null,"style":null,"prototypeNodeUUID":null,"child":null,"constraints":null,"description":"","pbdlType":"global_color","color":{"a":1.0,"r":1.0,"g":1.0,"b":1.0}},{"UUID":"511:4392","layoutMainAxisSizing":null,"layoutCrossAxisSizing":null,"name":"ui/color/primary","isVisible":false,"boundaryRectangle":null,"style":null,"prototypeNodeUUID":null,"child":null,"constraints":null,"description":"","pbdlType":"global_color","color":{"a":1.0,"r":0.40234375,"g":0.3125,"b":0.640625}},{"UUID":"524:4456","layoutMainAxisSizing":null,"layoutCrossAxisSizing":null,"name":"Light Teal","isVisible":false,"boundaryRectangle":null,"style":null,"prototypeNodeUUID":null,"child":null,"constraints":null,"description":"","pbdlType":"global_color","color":{"a":1.0,"r":0.6352941393852234,"g":0.7843137383460999,"b":0.8588235378265381}},{"UUID":"524:4458","layoutMainAxisSizing":null,"layoutCrossAxisSizing":null,"name":"Orange","isVisible":false,"boundaryRectangle":null,"style":null,"prototypeNodeUUID":null,"child":null,"constraints":null,"description":"","pbdlType":"global_color","color":{"a":1.0,"r":0.9882352948188782,"g":0.5137255191802979,"b":0.29019609093666077}},{"UUID":"524:4459","layoutMainAxisSizing":null,"layoutCrossAxisSizing":null,"name":"black","isVisible":false,"boundaryRectangle":null,"style":null,"prototypeNodeUUID":null,"child":null,"constraints":null,"description":"","pbdlType":"global_color","color":{"a":1.0,"r":0.04313725605607033,"g":0.04313725605607033,"b":0.13725490868091583}},{"UUID":"530:19163","layoutMainAxisSizing":null,"layoutCrossAxisSizing":null,"name":"Dark Orange","isVisible":false,"boundaryRectangle":null,"style":null,"prototypeNodeUUID":null,"child":null,"constraints":null,"description":"","pbdlType":"global_color","color":{"a":1.0,"r":0.699999988079071,"g":0.3638889193534851,"b":0.20555558800697327}},{"UUID":"530:19309","layoutMainAxisSizing":null,"layoutCrossAxisSizing":null,"name":"Footer_Black","isVisible":false,"boundaryRectangle":null,"style":null,"prototypeNodeUUID":null,"child":null,"constraints":null,"description":"","pbdlType":"global_color","color":{"a":1.0,"r":0.1568627506494522,"g":0.1568627506494522,"b":0.1568627506494522}},{"UUID":"556:9349","layoutMainAxisSizing":null,"layoutCrossAxisSizing":null,"name":"Applied","isVisible":false,"boundaryRectangle":null,"style":null,"prototypeNodeUUID":null,"child":null,"constraints":null,"description":"","pbdlType":"global_color","color":{"a":1.0,"r":0.1764705926179886,"g":0.6117647290229797,"b":0.8588235378265381}},{"UUID":"556:9350","layoutMainAxisSizing":null,"layoutCrossAxisSizing":null,"name":"In Progress","isVisible":false,"boundaryRectangle":null,"style":null,"prototypeNodeUUID":null,"child":null,"constraints":null,"description":"","pbdlType":"global_color","color":{"a":1.0,"r":0.18431372940540314,"g":0.501960813999176,"b":0.929411768913269}},{"UUID":"556:9351","layoutMainAxisSizing":null,"layoutCrossAxisSizing":null,"name":"Rejected","isVisible":false,"boundaryRectangle":null,"style":null,"prototypeNodeUUID":null,"child":null,"constraints":null,"description":"","pbdlType":"global_color","color":{"a":1.0,"r":0.9215686321258545,"g":0.34117648005485535,"b":0.34117648005485535}},{"UUID":"556:9352","layoutMainAxisSizing":null,"layoutCrossAxisSizing":null,"name":"Hired","isVisible":false,"boundaryRectangle":null,"style":null,"prototypeNodeUUID":null,"child":null,"constraints":null,"description":"","pbdlType":"global_color","color":{"a":1.0,"r":0.12941177189350128,"g":0.5882353186607361,"b":0.32549020648002625}},{"UUID":"602:5863","layoutMainAxisSizing":null,"layoutCrossAxisSizing":null,"name":"Dark Green","isVisible":false,"boundaryRectangle":null,"style":null,"prototypeNodeUUID":null,"child":null,"constraints":null,"description":"","pbdlType":"global_color","color":{"a":1.0,"r":0.10588235408067703,"g":0.21960784494876862,"b":0.22745098173618317}},{"UUID":"602:5864","layoutMainAxisSizing":null,"layoutCrossAxisSizing":null,"name":"Golden","isVisible":false,"boundaryRectangle":null,"style":null,"prototypeNodeUUID":null,"child":null,"constraints":null,"description":"","pbdlType":"global_color","color":{"a":1.0,"r":0.9058823585510254,"g":0.800000011920929,"b":0.3960784375667572}},{"UUID":"602:5865","layoutMainAxisSizing":null,"layoutCrossAxisSizing":null,"name":"Brown","isVisible":false,"boundaryRectangle":null,"style":null,"prototypeNodeUUID":null,"child":null,"constraints":null,"description":"","pbdlType":"global_color","color":{"a":1.0,"r":0.8823529481887817,"g":0.5372549295425415,"b":0.3607843220233917}},{"UUID":"602:5866","layoutMainAxisSizing":null,"layoutCrossAxisSizing":null,"name":"Off white","isVisible":false,"boundaryRectangle":null,"style":null,"prototypeNodeUUID":null,"child":null,"constraints":null,"description":"","pbdlType":"global_color","color":{"a":1.0,"r":0.9607843160629272,"g":0.9529411792755127,"b":0.9333333373069763}},{"UUID":"147:4846","layoutMainAxisSizing":null,"layoutCrossAxisSizing":null,"name":"Blu scuro","isVisible":false,"boundaryRectangle":null,"style":null,"prototypeNodeUUID":null,"child":null,"constraints":null,"description":"","pbdlType":"global_color","color":{"a":1.0,"r":0.36166664958000183,"g":0.4050666391849518,"b":0.5166666507720947}}],"textStyles":[{"UUID":"627:2020","layoutMainAxisSizing":null,"layoutCrossAxisSizing":null,"name":"M3/label/large","isVisible":false,"boundaryRectangle":null,"style":null,"prototypeNodeUUID":null,"child":null,"constraints":null,"description":"","pbdlType":"global_text_style","textStyle":{"UUID":"","layoutMainAxisSizing":null,"layoutCrossAxisSizing":null,"name":"","isVisible":false,"boundaryRectangle":null,"style":null,"prototypeNodeUUID":"","child":null,"constraints":null,"fontFamily":"Roboto","fontPostScriptName":"Roboto-Medium","paragraphSpacing":0,"paragraphIndent":0,"listSpacing":0,"italics":null,"fontWeight":500,"fontSize":14.0,"textCase":"ORIGINAL","textDecoration":"NONE","textAutoResize":"WIDTH_AND_HEIGHT","textAlignHorizontal":"LEFT","textAlignVertical":"TOP","letterSpacing":0.10000000149011612,"fills":null,"hyperLink":null,"opentypeFlags":{},"lineHeightPx":20.0,"lineHeightPercent":121.90476989746094,"lineHeightPercentFontSize":142.85714721679688,"lineHeightUnit":"PIXELS","pbdlType":"text_style"}}],"themeColors":[],"themeTextStyles":[]},"pbdlType":"project"}